{
  "airlineStats": [
    {
      "timestamp": 1730053800000,
      "stats": {
        "6E": {
          "uniquePassengerCount": 2
        },
        "UK": {
          "uniquePassengerCount": 1
        },
        "AI": {
          "uniquePassengerCount": 38
        },
        "I5": {
          "uniquePassengerCount": 54
        }
      }
    }
  ],
  "cussStats": [
    {
      "timestamp": 1730053800000,
      "stats": {
        "HIALAK35": {
          "uniquePassengerCount": 25
        },
        "HIALAK43": {
          "uniquePassengerCount": 2
        },
        "HIALAK36": {
          "uniquePassengerCount": 10
        },
        "HIALAK38": {
          "uniquePassengerCount": 44
        },
        "HIALAK34": {
          "uniquePassengerCount": 6
        },
        "HIALAK44": {
          "uniquePassengerCount": 13
        }
      }
    }
  ]
}