{
  "airlineStats": [
    {
      "timestamp": 1729449000000,
      "stats": {
        "SG": {
          "uniquePassengerCount": 11
        },
        "I5": {
          "uniquePassengerCount": 19
        },
        "AI": {
          "uniquePassengerCount": 15
        },
        "UK": {
          "uniquePassengerCount": 2
        },
        "6E": {
          "uniquePassengerCount": 1
        }
      }
    }
  ],
  "cussStats": [
    {
      "timestamp": 1729449000000,
      "stats": {
        "HIALAK38": {
          "uniquePassengerCount": 5
        },
        "HIALAK35": {
          "uniquePassengerCount": 13
        },
        "HIALAK44": {
          "uniquePassengerCount": 1
        },
        "HIALAK36": {
          "uniquePassengerCount": 26
        },
        "HIALAK34": {
          "uniquePassengerCount": 6
        },
        "HIALAK43": {
          "uniquePassengerCount": 2
        }
      }
    }
  ]
}