{
  "airlineStats": [
    {
      "timestamp": 1731436200000,
      "stats": {
        "I5": {
          "uniquePassengerCount": 15
        },
        "6E": {
          "uniquePassengerCount": 8
        },
        "AI": {
          "uniquePassengerCount": 4
        }
      }
    }
  ],
  "cussStats": [
    {
      "timestamp": 1731436200000,
      "stats": {
        "HIALAK38": {
          "uniquePassengerCount": 12
        },
        "HIALAK34": {
          "uniquePassengerCount": 7
        },
        "HIALAK44": {
          "uniquePassengerCount": 8
        }
      }
    }
  ]
}