{
  "airlineStats": [
    {
      "timestamp": 1717525800000,
      "stats": {
        "AI": {
          "uniquePassengerCount": 57
        },
        "I5": {
          "uniquePassengerCount": 43
        },
        "UK": {
          "uniquePassengerCount": 42
        },
        "6E": {
          "uniquePassengerCount": 58
        },
        "SG": {
          "uniquePassengerCount": 23
        }
      }
    }
  ],
  "cussStats": [
    {
      "timestamp": 1717525800000,
      "stats": {
        "HIALAK38": {
          "uniquePassengerCount": 47
        },
        "HIALAK35": {
          "uniquePassengerCount": 5
        },
        "HIALAK55": {
          "uniquePassengerCount": 5
        },
        "HIALAK44": {
          "uniquePassengerCount": 35
        },
        "HIALAK37": {
          "uniquePassengerCount": 69
        },
        "HIALAK36": {
          "uniquePassengerCount": 31
        },
        "HIALAK34": {
          "uniquePassengerCount": 8
        },
        "HIALAK43": {
          "uniquePassengerCount": 24
        }
      }
    }
  ]
}