{
  "airlineStats": [
    {
      "timestamp": 1731263400000,
      "stats": {
        "UK": {
          "uniquePassengerCount": 2
        },
        "6E": {
          "uniquePassengerCount": 12
        },
        "I5": {
          "uniquePassengerCount": 15
        },
        "SG": {
          "uniquePassengerCount": 6
        },
        "AI": {
          "uniquePassengerCount": 9
        }
      }
    }
  ],
  "cussStats": [
    {
      "timestamp": 1731263400000,
      "stats": {
        "HIALAK44": {
          "uniquePassengerCount": 16
        },
        "HIALAK34": {
          "uniquePassengerCount": 7
        },
        "HIALAK38": {
          "uniquePassengerCount": 20
        },
        "HIALAK36": {
          "uniquePassengerCount": 2
        }
      }
    }
  ]
}