{
  "airlineStats": [
    {
      "timestamp": 1717353000000,
      "stats": {
        "SG": {
          "uniquePassengerCount": 47
        },
        "I5": {
          "uniquePassengerCount": 43
        },
        "AI": {
          "uniquePassengerCount": 88
        },
        "6E": {
          "uniquePassengerCount": 78
        },
        "UK": {
          "uniquePassengerCount": 36
        }
      }
    }
  ],
  "cussStats": [
    {
      "timestamp": 1717353000000,
      "stats": {
        "HIALAK44": {
          "uniquePassengerCount": 39
        },
        "HIALAK37": {
          "uniquePassengerCount": 60
        },
        "HIALAK35": {
          "uniquePassengerCount": 25
        },
        "HIALAK36": {
          "uniquePassengerCount": 60
        },
        "HIALAK34": {
          "uniquePassengerCount": 50
        },
        "HIALAK55": {
          "uniquePassengerCount": 12
        },
        "HIALAK43": {
          "uniquePassengerCount": 44
        },
        "HIALAK39": {
          "uniquePassengerCount": 19
        }
      }
    }
  ]
}