{
  "airlineStats": [
    {
      "timestamp": 1723141800000,
      "stats": {
        "6E": {
          "uniquePassengerCount": 32
        },
        "UK": {
          "uniquePassengerCount": 37
        },
        "SG": {
          "uniquePassengerCount": 11
        },
        "I5": {
          "uniquePassengerCount": 45
        },
        "AI": {
          "uniquePassengerCount": 55
        }
      }
    }
  ],
  "cussStats": [
    {
      "timestamp": 1723141800000,
      "stats": {
        "HIALAK38": {
          "uniquePassengerCount": 69
        },
        "HIALAK43": {
          "uniquePassengerCount": 8
        },
        "HIALAK37": {
          "uniquePassengerCount": 11
        },
        "HIALAK55": {
          "uniquePassengerCount": 14
        },
        "HIALAK44": {
          "uniquePassengerCount": 25
        },
        "HIALAK36": {
          "uniquePassengerCount": 35
        },
        "HIALAK35": {
          "uniquePassengerCount": 22
        },
        "HIALAK39": {
          "uniquePassengerCount": 15
        }
      }
    }
  ]
}