{
  "airlineStats": [
    {
      "timestamp": 1723228200000,
      "stats": {
        "AI": {
          "uniquePassengerCount": 29
        },
        "SG": {
          "uniquePassengerCount": 24
        },
        "UK": {
          "uniquePassengerCount": 29
        },
        "I5": {
          "uniquePassengerCount": 12
        },
        "6E": {
          "uniquePassengerCount": 26
        }
      }
    }
  ],
  "cussStats": [
    {
      "timestamp": 1723228200000,
      "stats": {
        "HIALAK44": {
          "uniquePassengerCount": 19
        },
        "HIALAK39": {
          "uniquePassengerCount": 3
        },
        "HIALAK43": {
          "uniquePassengerCount": 12
        },
        "HIALAK55": {
          "uniquePassengerCount": 19
        },
        "HIALAK38": {
          "uniquePassengerCount": 21
        },
        "HIALAK36": {
          "uniquePassengerCount": 44
        },
        "HIALAK35": {
          "uniquePassengerCount": 1
        },
        "HIALAK37": {
          "uniquePassengerCount": 8
        }
      }
    }
  ]
}