{
  "airlineStats": [
    {
      "timestamp": 1717698600000,
      "stats": {
        "6E": {
          "uniquePassengerCount": 89
        },
        "I5": {
          "uniquePassengerCount": 57
        },
        "UK": {
          "uniquePassengerCount": 40
        },
        "SG": {
          "uniquePassengerCount": 39
        },
        "AI": {
          "uniquePassengerCount": 85
        }
      }
    }
  ],
  "cussStats": [
    {
      "timestamp": 1717698600000,
      "stats": {
        "HIALAK34": {
          "uniquePassengerCount": 17
        },
        "HIALAK35": {
          "uniquePassengerCount": 39
        },
        "HIALAK44": {
          "uniquePassengerCount": 62
        },
        "HIALAK38": {
          "uniquePassengerCount": 50
        },
        "HIALAK37": {
          "uniquePassengerCount": 67
        },
        "HIALAK55": {
          "uniquePassengerCount": 10
        },
        "HIALAK36": {
          "uniquePassengerCount": 43
        },
        "HIALAK43": {
          "uniquePassengerCount": 30
        }
      }
    }
  ]
}