{
  "airlineStats": [
    {
      "timestamp": 1730313000000,
      "stats": {
        "I5": {
          "uniquePassengerCount": 12
        },
        "6E": {
          "uniquePassengerCount": 1
        },
        "AI": {
          "uniquePassengerCount": 7
        },
        "SG": {
          "uniquePassengerCount": 1
        }
      }
    }
  ],
  "cussStats": [
    {
      "timestamp": 1730313000000,
      "stats": {
        "HIALAK38": {
          "uniquePassengerCount": 7
        },
        "HIALAK43": {
          "uniquePassengerCount": 1
        },
        "HIALAK39": {
          "uniquePassengerCount": 4
        },
        "HIALAK36": {
          "uniquePassengerCount": 2
        },
        "HIALAK35": {
          "uniquePassengerCount": 7
        }
      }
    }
  ]
}