{
  "airlineStats": [
    {
      "timestamp": 1730658600000,
      "stats": {
        "UK": {
          "uniquePassengerCount": 7
        },
        "6E": {
          "uniquePassengerCount": 10
        },
        "I5": {
          "uniquePassengerCount": 27
        },
        "AI": {
          "uniquePassengerCount": 4
        }
      }
    }
  ],
  "cussStats": [
    {
      "timestamp": 1730658600000,
      "stats": {
        "HIALAK44": {
          "uniquePassengerCount": 10
        },
        "HIALAK36": {
          "uniquePassengerCount": 4
        },
        "HIALAK34": {
          "uniquePassengerCount": 12
        },
        "HIALAK39": {
          "uniquePassengerCount": 5
        },
        "HIALAK38": {
          "uniquePassengerCount": 8
        },
        "HIALAK35": {
          "uniquePassengerCount": 15
        }
      }
    }
  ]
}