{
  "airlineStats": [
    {
      "timestamp": 1727202600000,
      "stats": {
        "AI": {
          "uniquePassengerCount": 16
        },
        "6E": {
          "uniquePassengerCount": 11
        },
        "UK": {
          "uniquePassengerCount": 6
        },
        "I5": {
          "uniquePassengerCount": 14
        },
        "SG": {
          "uniquePassengerCount": 5
        }
      }
    }
  ],
  "cussStats": [
    {
      "timestamp": 1727202600000,
      "stats": {
        "HIALAK43": {
          "uniquePassengerCount": 4
        },
        "HIALAK44": {
          "uniquePassengerCount": 7
        },
        "HIALAK34": {
          "uniquePassengerCount": 4
        },
        "HIALAK36": {
          "uniquePassengerCount": 19
        },
        "HIALAK55": {
          "uniquePassengerCount": 1
        },
        "HIALAK39": {
          "uniquePassengerCount": 15
        },
        "HIALAK35": {
          "uniquePassengerCount": 3
        }
      }
    }
  ]
}