{
  "airlineStats": [
    {
      "timestamp": 1727116200000,
      "stats": {
        "6E": {
          "uniquePassengerCount": 17
        },
        "SG": {
          "uniquePassengerCount": 2
        },
        "UK": {
          "uniquePassengerCount": 9
        },
        "I5": {
          "uniquePassengerCount": 28
        },
        "AI": {
          "uniquePassengerCount": 12
        }
      }
    }
  ],
  "cussStats": [
    {
      "timestamp": 1727116200000,
      "stats": {
        "HIALAK55": {
          "uniquePassengerCount": 2
        },
        "HIALAK34": {
          "uniquePassengerCount": 9
        },
        "HIALAK36": {
          "uniquePassengerCount": 20
        },
        "HIALAK43": {
          "uniquePassengerCount": 10
        },
        "HIALAK44": {
          "uniquePassengerCount": 9
        },
        "HIALAK39": {
          "uniquePassengerCount": 16
        },
        "HIALAK35": {
          "uniquePassengerCount": 5
        }
      }
    }
  ]
}