{
  "airlineStats": [
    {
      "timestamp": 1729794600000,
      "stats": {
        "SG": {
          "uniquePassengerCount": 2
        },
        "6E": {
          "uniquePassengerCount": 1
        },
        "AI": {
          "uniquePassengerCount": 11
        },
        "I5": {
          "uniquePassengerCount": 46
        }
      }
    }
  ],
  "cussStats": [
    {
      "timestamp": 1729794600000,
      "stats": {
        "HIALAK36": {
          "uniquePassengerCount": 21
        },
        "HIALAK34": {
          "uniquePassengerCount": 4
        },
        "HIALAK43": {
          "uniquePassengerCount": 2
        },
        "HIALAK44": {
          "uniquePassengerCount": 3
        },
        "HIALAK35": {
          "uniquePassengerCount": 10
        },
        "HIALAK38": {
          "uniquePassengerCount": 32
        }
      }
    }
  ]
}