{
  "airlineStats": [
    {
      "timestamp": 1719167400000,
      "stats": {
        "SG": {
          "uniquePassengerCount": 15
        },
        "6E": {
          "uniquePassengerCount": 17
        },
        "AI": {
          "uniquePassengerCount": 97
        },
        "I5": {
          "uniquePassengerCount": 102
        },
        "UK": {
          "uniquePassengerCount": 59
        }
      }
    }
  ],
  "cussStats": [
    {
      "timestamp": 1719167400000,
      "stats": {
        "HIALAK55": {
          "uniquePassengerCount": 23
        },
        "HIALAK37": {
          "uniquePassengerCount": 92
        },
        "HIALAK35": {
          "uniquePassengerCount": 7
        },
        "HIALAK44": {
          "uniquePassengerCount": 16
        },
        "HIALAK34": {
          "uniquePassengerCount": 10
        },
        "HIALAK36": {
          "uniquePassengerCount": 38
        },
        "HIALAK39": {
          "uniquePassengerCount": 3
        },
        "HIALAK38": {
          "uniquePassengerCount": 108
        },
        "HIALAK43": {
          "uniquePassengerCount": 3
        }
      }
    }
  ]
}