{
  "airlineStats": [
    {
      "timestamp": 1726338600000,
      "stats": {
        "AI": {
          "uniquePassengerCount": 13
        },
        "I5": {
          "uniquePassengerCount": 28
        },
        "6E": {
          "uniquePassengerCount": 3
        },
        "SG": {
          "uniquePassengerCount": 4
        }
      }
    }
  ],
  "cussStats": [
    {
      "timestamp": 1726338600000,
      "stats": {
        "HIALAK38": {
          "uniquePassengerCount": 10
        },
        "HIALAK35": {
          "uniquePassengerCount": 10
        },
        "HIALAK39": {
          "uniquePassengerCount": 1
        },
        "HIALAK34": {
          "uniquePassengerCount": 2
        },
        "HIALAK55": {
          "uniquePassengerCount": 17
        },
        "HIALAK44": {
          "uniquePassengerCount": 4
        },
        "HIALAK37": {
          "uniquePassengerCount": 8
        }
      }
    }
  ]
}