{
  "airlineStats": [
    {
      "timestamp": 1720809000000,
      "stats": {
        "AI": {
          "uniquePassengerCount": 110
        },
        "6E": {
          "uniquePassengerCount": 72
        },
        "SG": {
          "uniquePassengerCount": 7
        },
        "UK": {
          "uniquePassengerCount": 38
        },
        "I5": {
          "uniquePassengerCount": 45
        }
      }
    }
  ],
  "cussStats": [
    {
      "timestamp": 1720809000000,
      "stats": {
        "HIALAK44": {
          "uniquePassengerCount": 46
        },
        "HIALAK35": {
          "uniquePassengerCount": 16
        },
        "HIALAK43": {
          "uniquePassengerCount": 29
        },
        "HIALAK39": {
          "uniquePassengerCount": 3
        },
        "HIALAK37": {
          "uniquePassengerCount": 42
        },
        "HIALAK34": {
          "uniquePassengerCount": 16
        },
        "HIALAK36": {
          "uniquePassengerCount": 20
        },
        "HIALAK38": {
          "uniquePassengerCount": 114
        }
      }
    }
  ]
}