{
  "airlineStats": [
    {
      "timestamp": 1723573800000,
      "stats": {
        "UK": {
          "uniquePassengerCount": 1
        },
        "AI": {
          "uniquePassengerCount": 10
        },
        "SG": {
          "uniquePassengerCount": 35
        },
        "6E": {
          "uniquePassengerCount": 11
        },
        "I5": {
          "uniquePassengerCount": 38
        }
      }
    }
  ],
  "cussStats": [
    {
      "timestamp": 1723573800000,
      "stats": {
        "HIALAK37": {
          "uniquePassengerCount": 20
        },
        "HIALAK43": {
          "uniquePassengerCount": 10
        },
        "HIALAK38": {
          "uniquePassengerCount": 24
        },
        "HIALAK55": {
          "uniquePassengerCount": 14
        },
        "HIALAK36": {
          "uniquePassengerCount": 28
        },
        "HIALAK44": {
          "uniquePassengerCount": 1
        }
      }
    }
  ]
}