{
  "airlineStats": [
    {
      "timestamp": 1717871400000,
      "stats": {
        "AI": {
          "uniquePassengerCount": 87
        },
        "6E": {
          "uniquePassengerCount": 30
        },
        "UK": {
          "uniquePassengerCount": 58
        },
        "SG": {
          "uniquePassengerCount": 35
        },
        "I5": {
          "uniquePassengerCount": 79
        }
      }
    }
  ],
  "cussStats": [
    {
      "timestamp": 1717871400000,
      "stats": {
        "HIALAK36": {
          "uniquePassengerCount": 50
        },
        "HIALAK43": {
          "uniquePassengerCount": 18
        },
        "HIALAK44": {
          "uniquePassengerCount": 19
        },
        "HIALAK37": {
          "uniquePassengerCount": 91
        },
        "HIALAK55": {
          "uniquePassengerCount": 5
        },
        "HIALAK35": {
          "uniquePassengerCount": 18
        },
        "HIALAK34": {
          "uniquePassengerCount": 41
        },
        "HIALAK38": {
          "uniquePassengerCount": 61
        }
      }
    }
  ]
}