{
  "airlineStats": [
    {
      "timestamp": 1724610600000,
      "stats": {
        "SG": {
          "uniquePassengerCount": 2
        },
        "6E": {
          "uniquePassengerCount": 33
        },
        "I5": {
          "uniquePassengerCount": 54
        },
        "UK": {
          "uniquePassengerCount": 16
        },
        "AI": {
          "uniquePassengerCount": 46
        }
      }
    }
  ],
  "cussStats": [
    {
      "timestamp": 1724610600000,
      "stats": {
        "HIALAK36": {
          "uniquePassengerCount": 32
        },
        "HIALAK55": {
          "uniquePassengerCount": 28
        },
        "HIALAK35": {
          "uniquePassengerCount": 19
        },
        "HIALAK38": {
          "uniquePassengerCount": 46
        },
        "HIALAK44": {
          "uniquePassengerCount": 14
        },
        "HIALAK43": {
          "uniquePassengerCount": 27
        }
      }
    }
  ]
}