{
  "airlineStats": [
    {
      "timestamp": 1720290600000,
      "stats": {
        "UK": {
          "uniquePassengerCount": 32
        },
        "6E": {
          "uniquePassengerCount": 48
        },
        "I5": {
          "uniquePassengerCount": 97
        },
        "AI": {
          "uniquePassengerCount": 47
        },
        "SG": {
          "uniquePassengerCount": 38
        }
      }
    }
  ],
  "cussStats": [
    {
      "timestamp": 1720290600000,
      "stats": {
        "HIALAK34": {
          "uniquePassengerCount": 17
        },
        "HIALAK43": {
          "uniquePassengerCount": 37
        },
        "HIALAK38": {
          "uniquePassengerCount": 13
        },
        "HIALAK36": {
          "uniquePassengerCount": 74
        },
        "HIALAK39": {
          "uniquePassengerCount": 3
        },
        "HIALAK44": {
          "uniquePassengerCount": 19
        },
        "HIALAK55": {
          "uniquePassengerCount": 3
        },
        "HIALAK37": {
          "uniquePassengerCount": 79
        },
        "HIALAK35": {
          "uniquePassengerCount": 34
        }
      }
    }
  ]
}