{
  "airlineStats": [
    {
      "timestamp": 1717266600000,
      "stats": {
        "AI": {
          "uniquePassengerCount": 78
        },
        "SG": {
          "uniquePassengerCount": 23
        },
        "I5": {
          "uniquePassengerCount": 42
        },
        "UK": {
          "uniquePassengerCount": 60
        },
        "6E": {
          "uniquePassengerCount": 45
        }
      }
    }
  ],
  "cussStats": [
    {
      "timestamp": 1717266600000,
      "stats": {
        "HIALAK35": {
          "uniquePassengerCount": 8
        },
        "HIALAK44": {
          "uniquePassengerCount": 39
        },
        "HIALAK37": {
          "uniquePassengerCount": 65
        },
        "HIALAK36": {
          "uniquePassengerCount": 66
        },
        "HIALAK55": {
          "uniquePassengerCount": 12
        },
        "HIALAK38": {
          "uniquePassengerCount": 28
        },
        "HIALAK43": {
          "uniquePassengerCount": 10
        },
        "HIALAK39": {
          "uniquePassengerCount": 21
        },
        "HIALAK34": {
          "uniquePassengerCount": 5
        }
      }
    }
  ]
}