{
  "airlineStats": [
    {
      "timestamp": 1718994600000,
      "stats": {
        "UK": {
          "uniquePassengerCount": 65
        },
        "I5": {
          "uniquePassengerCount": 116
        },
        "AI": {
          "uniquePassengerCount": 91
        },
        "6E": {
          "uniquePassengerCount": 10
        },
        "SG": {
          "uniquePassengerCount": 19
        }
      }
    }
  ],
  "cussStats": [
    {
      "timestamp": 1718994600000,
      "stats": {
        "HIALAK38": {
          "uniquePassengerCount": 86
        },
        "HIALAK36": {
          "uniquePassengerCount": 47
        },
        "HIALAK34": {
          "uniquePassengerCount": 10
        },
        "HIALAK35": {
          "uniquePassengerCount": 25
        },
        "HIALAK44": {
          "uniquePassengerCount": 15
        },
        "HIALAK43": {
          "uniquePassengerCount": 5
        },
        "HIALAK55": {
          "uniquePassengerCount": 16
        },
        "HIALAK37": {
          "uniquePassengerCount": 103
        },
        "HIALAK39": {
          "uniquePassengerCount": 6
        }
      }
    }
  ]
}