{
  "airlineStats": [
    {
      "timestamp": 1725301800000,
      "stats": {
        "I5": {
          "uniquePassengerCount": 29
        },
        "6E": {
          "uniquePassengerCount": 8
        },
        "SG": {
          "uniquePassengerCount": 19
        },
        "AI": {
          "uniquePassengerCount": 14
        },
        "UK": {
          "uniquePassengerCount": 1
        }
      }
    }
  ],
  "cussStats": [
    {
      "timestamp": 1725301800000,
      "stats": {
        "HIALAK34": {
          "uniquePassengerCount": 9
        },
        "HIALAK36": {
          "uniquePassengerCount": 7
        },
        "HIALAK38": {
          "uniquePassengerCount": 33
        },
        "HIALAK35": {
          "uniquePassengerCount": 2
        },
        "HIALAK44": {
          "uniquePassengerCount": 7
        },
        "HIALAK37": {
          "uniquePassengerCount": 20
        },
        "HIALAK43": {
          "uniquePassengerCount": 1
        }
      }
    }
  ]
}