{
  "airlineStats": [
    {
      "timestamp": 1717180200000,
      "stats": {
        "SG": {
          "uniquePassengerCount": 18
        },
        "AI": {
          "uniquePassengerCount": 90
        },
        "UK": {
          "uniquePassengerCount": 13
        },
        "6E": {
          "uniquePassengerCount": 38
        },
        "I5": {
          "uniquePassengerCount": 51
        }
      }
    }
  ],
  "cussStats": [
    {
      "timestamp": 1717180200000,
      "stats": {
        "HIALAK37": {
          "uniquePassengerCount": 51
        },
        "HIALAK34": {
          "uniquePassengerCount": 19
        },
        "HIALAK36": {
          "uniquePassengerCount": 17
        },
        "HIALAK35": {
          "uniquePassengerCount": 20
        },
        "HIALAK44": {
          "uniquePassengerCount": 29
        },
        "HIALAK39": {
          "uniquePassengerCount": 17
        },
        "HIALAK55": {
          "uniquePassengerCount": 18
        },
        "HIALAK38": {
          "uniquePassengerCount": 33
        },
        "HIALAK43": {
          "uniquePassengerCount": 15
        }
      }
    }
  ]
}