{
  "airlineStats": [
    {
      "timestamp": 1719858600000,
      "stats": {
        "6E": {
          "uniquePassengerCount": 20
        },
        "I5": {
          "uniquePassengerCount": 84
        },
        "SG": {
          "uniquePassengerCount": 18
        },
        "AI": {
          "uniquePassengerCount": 33
        },
        "UK": {
          "uniquePassengerCount": 22
        }
      }
    }
  ],
  "cussStats": [
    {
      "timestamp": 1719858600000,
      "stats": {
        "HIALAK38": {
          "uniquePassengerCount": 13
        },
        "HIALAK34": {
          "uniquePassengerCount": 2
        },
        "HIALAK36": {
          "uniquePassengerCount": 59
        },
        "HIALAK55": {
          "uniquePassengerCount": 25
        },
        "HIALAK44": {
          "uniquePassengerCount": 14
        },
        "HIALAK43": {
          "uniquePassengerCount": 7
        },
        "HIALAK37": {
          "uniquePassengerCount": 58
        },
        "HIALAK35": {
          "uniquePassengerCount": 13
        }
      }
    }
  ]
}