{
  "airlineStats": [
    {
      "timestamp": 1731868200000,
      "stats": {
        "I5": {
          "uniquePassengerCount": 19
        },
        "6E": {
          "uniquePassengerCount": 1
        },
        "AI": {
          "uniquePassengerCount": 19
        },
        "SG": {
          "uniquePassengerCount": 5
        }
      }
    }
  ],
  "cussStats": [
    {
      "timestamp": 1731868200000,
      "stats": {
        "HIALAK44": {
          "uniquePassengerCount": 4
        },
        "HIALAK43": {
          "uniquePassengerCount": 1
        },
        "HIALAK36": {
          "uniquePassengerCount": 1
        },
        "HIALAK38": {
          "uniquePassengerCount": 28
        },
        "HIALAK34": {
          "uniquePassengerCount": 10
        }
      }
    }
  ]
}