{
  "airlineStats": [
    {
      "timestamp": 1728325800000,
      "stats": {
        "6E": {
          "uniquePassengerCount": 4
        },
        "SG": {
          "uniquePassengerCount": 5
        },
        "AI": {
          "uniquePassengerCount": 10
        },
        "UK": {
          "uniquePassengerCount": 13
        },
        "I5": {
          "uniquePassengerCount": 33
        }
      }
    }
  ],
  "cussStats": [
    {
      "timestamp": 1728325800000,
      "stats": {
        "HIALAK44": {
          "uniquePassengerCount": 4
        },
        "HIALAK35": {
          "uniquePassengerCount": 29
        },
        "HIALAK36": {
          "uniquePassengerCount": 13
        },
        "HIALAK38": {
          "uniquePassengerCount": 5
        },
        "HIALAK34": {
          "uniquePassengerCount": 16
        }
      }
    }
  ]
}