{
  "airlineStats": [
    {
      "timestamp": 1724524200000,
      "stats": {
        "AI": {
          "uniquePassengerCount": 42
        },
        "6E": {
          "uniquePassengerCount": 9
        },
        "UK": {
          "uniquePassengerCount": 6
        },
        "I5": {
          "uniquePassengerCount": 43
        },
        "SG": {
          "uniquePassengerCount": 15
        }
      }
    }
  ],
  "cussStats": [
    {
      "timestamp": 1724524200000,
      "stats": {
        "HIALAK38": {
          "uniquePassengerCount": 12
        },
        "HIALAK34": {
          "uniquePassengerCount": 4
        },
        "HIALAK35": {
          "uniquePassengerCount": 24
        },
        "HIALAK36": {
          "uniquePassengerCount": 21
        },
        "HIALAK44": {
          "uniquePassengerCount": 6
        },
        "HIALAK43": {
          "uniquePassengerCount": 7
        },
        "HIALAK37": {
          "uniquePassengerCount": 18
        },
        "HIALAK55": {
          "uniquePassengerCount": 34
        }
      }
    }
  ]
}