{
  "airlineStats": [
    {
      "timestamp": 1719426600000,
      "stats": {
        "SG": {
          "uniquePassengerCount": 26
        },
        "6E": {
          "uniquePassengerCount": 58
        },
        "UK": {
          "uniquePassengerCount": 41
        },
        "I5": {
          "uniquePassengerCount": 93
        },
        "AI": {
          "uniquePassengerCount": 93
        }
      }
    }
  ],
  "cussStats": [
    {
      "timestamp": 1719426600000,
      "stats": {
        "HIALAK35": {
          "uniquePassengerCount": 5
        },
        "HIALAK34": {
          "uniquePassengerCount": 16
        },
        "HIALAK39": {
          "uniquePassengerCount": 9
        },
        "HIALAK38": {
          "uniquePassengerCount": 22
        },
        "HIALAK37": {
          "uniquePassengerCount": 135
        },
        "HIALAK44": {
          "uniquePassengerCount": 42
        },
        "HIALAK36": {
          "uniquePassengerCount": 80
        },
        "HIALAK43": {
          "uniquePassengerCount": 20
        }
      }
    }
  ]
}