{
  "airlineStats": [
    {
      "timestamp": 1720031400000,
      "stats": {
        "I5": {
          "uniquePassengerCount": 77
        },
        "SG": {
          "uniquePassengerCount": 46
        },
        "UK": {
          "uniquePassengerCount": 30
        },
        "6E": {
          "uniquePassengerCount": 21
        },
        "AI": {
          "uniquePassengerCount": 106
        }
      }
    }
  ],
  "cussStats": [
    {
      "timestamp": 1720031400000,
      "stats": {
        "HIALAK44": {
          "uniquePassengerCount": 16
        },
        "HIALAK55": {
          "uniquePassengerCount": 31
        },
        "HIALAK37": {
          "uniquePassengerCount": 122
        },
        "HIALAK34": {
          "uniquePassengerCount": 7
        },
        "HIALAK36": {
          "uniquePassengerCount": 74
        },
        "HIALAK39": {
          "uniquePassengerCount": 3
        },
        "HIALAK43": {
          "uniquePassengerCount": 13
        },
        "HIALAK38": {
          "uniquePassengerCount": 23
        },
        "HIALAK35": {
          "uniquePassengerCount": 11
        }
      }
    }
  ]
}