{
  "airlineStats": [
    {
      "timestamp": 1728757800000,
      "stats": {
        "SG": {
          "uniquePassengerCount": 5
        },
        "AI": {
          "uniquePassengerCount": 26
        },
        "I5": {
          "uniquePassengerCount": 72
        },
        "6E": {
          "uniquePassengerCount": 15
        },
        "UK": {
          "uniquePassengerCount": 15
        }
      }
    }
  ],
  "cussStats": [
    {
      "timestamp": 1728757800000,
      "stats": {
        "HIALAK43": {
          "uniquePassengerCount": 1
        },
        "HIALAK34": {
          "uniquePassengerCount": 5
        },
        "HIALAK36": {
          "uniquePassengerCount": 55
        },
        "HIALAK44": {
          "uniquePassengerCount": 16
        },
        "HIALAK38": {
          "uniquePassengerCount": 57
        }
      }
    }
  ]
}