{
  "airlineStats": [
    {
      "timestamp": 1723746600000,
      "stats": {
        "6E": {
          "uniquePassengerCount": 28
        },
        "AI": {
          "uniquePassengerCount": 11
        },
        "I5": {
          "uniquePassengerCount": 30
        },
        "UK": {
          "uniquePassengerCount": 8
        },
        "SG": {
          "uniquePassengerCount": 19
        }
      }
    }
  ],
  "cussStats": [
    {
      "timestamp": 1723746600000,
      "stats": {
        "HIALAK37": {
          "uniquePassengerCount": 27
        },
        "HIALAK44": {
          "uniquePassengerCount": 9
        },
        "HIALAK38": {
          "uniquePassengerCount": 6
        },
        "HIALAK39": {
          "uniquePassengerCount": 4
        },
        "HIALAK43": {
          "uniquePassengerCount": 24
        },
        "HIALAK36": {
          "uniquePassengerCount": 15
        },
        "HIALAK55": {
          "uniquePassengerCount": 22
        }
      }
    }
  ]
}