{
  "airlineStats": [
    {
      "timestamp": 1726252200000,
      "stats": {
        "AI": {
          "uniquePassengerCount": 8
        },
        "I5": {
          "uniquePassengerCount": 43
        },
        "SG": {
          "uniquePassengerCount": 21
        },
        "6E": {
          "uniquePassengerCount": 1
        }
      }
    }
  ],
  "cussStats": [
    {
      "timestamp": 1726252200000,
      "stats": {
        "HIALAK37": {
          "uniquePassengerCount": 31
        },
        "HIALAK44": {
          "uniquePassengerCount": 1
        },
        "HIALAK35": {
          "uniquePassengerCount": 9
        },
        "HIALAK55": {
          "uniquePassengerCount": 13
        },
        "HIALAK43": {
          "uniquePassengerCount": 1
        },
        "HIALAK34": {
          "uniquePassengerCount": 7
        },
        "HIALAK39": {
          "uniquePassengerCount": 4
        },
        "HIALAK38": {
          "uniquePassengerCount": 20
        }
      }
    }
  ]
}