{
  "airlineStats": [
    {
      "timestamp": 1724869800000,
      "stats": {
        "I5": {
          "uniquePassengerCount": 26
        },
        "AI": {
          "uniquePassengerCount": 23
        },
        "SG": {
          "uniquePassengerCount": 3
        },
        "6E": {
          "uniquePassengerCount": 41
        }
      }
    }
  ],
  "cussStats": [
    {
      "timestamp": 1724869800000,
      "stats": {
        "HIALAK55": {
          "uniquePassengerCount": 8
        },
        "HIALAK38": {
          "uniquePassengerCount": 9
        },
        "HIALAK43": {
          "uniquePassengerCount": 39
        },
        "HIALAK35": {
          "uniquePassengerCount": 9
        },
        "HIALAK34": {
          "uniquePassengerCount": 3
        },
        "HIALAK44": {
          "uniquePassengerCount": 20
        },
        "HIALAK36": {
          "uniquePassengerCount": 26
        }
      }
    }
  ]
}