{
  "airlineStats": [
    {
      "timestamp": 1730917800000,
      "stats": {
        "UK": {
          "uniquePassengerCount": 7
        },
        "SG": {
          "uniquePassengerCount": 5
        },
        "I5": {
          "uniquePassengerCount": 29
        },
        "6E": {
          "uniquePassengerCount": 2
        },
        "AI": {
          "uniquePassengerCount": 3
        }
      }
    }
  ],
  "cussStats": [
    {
      "timestamp": 1730917800000,
      "stats": {
        "HIALAK34": {
          "uniquePassengerCount": 20
        },
        "HIALAK36": {
          "uniquePassengerCount": 16
        },
        "HIALAK44": {
          "uniquePassengerCount": 2
        },
        "HIALAK38": {
          "uniquePassengerCount": 16
        }
      }
    }
  ]
}