{
  "airlineStats": [
    {
      "timestamp": 1720895400000,
      "stats": {
        "AI": {
          "uniquePassengerCount": 89
        },
        "6E": {
          "uniquePassengerCount": 40
        },
        "UK": {
          "uniquePassengerCount": 23
        },
        "I5": {
          "uniquePassengerCount": 31
        },
        "SG": {
          "uniquePassengerCount": 31
        }
      }
    }
  ],
  "cussStats": [
    {
      "timestamp": 1720895400000,
      "stats": {
        "HIALAK44": {
          "uniquePassengerCount": 27
        },
        "HIALAK34": {
          "uniquePassengerCount": 86
        },
        "HIALAK35": {
          "uniquePassengerCount": 1
        },
        "HIALAK37": {
          "uniquePassengerCount": 12
        },
        "HIALAK36": {
          "uniquePassengerCount": 5
        },
        "HIALAK39": {
          "uniquePassengerCount": 3
        },
        "HIALAK43": {
          "uniquePassengerCount": 16
        },
        "HIALAK38": {
          "uniquePassengerCount": 76
        }
      }
    }
  ]
}