{
  "airlineStats": [
    {
      "timestamp": 1731781800000,
      "stats": {
        "6E": {
          "uniquePassengerCount": 4
        },
        "SG": {
          "uniquePassengerCount": 4
        },
        "AI": {
          "uniquePassengerCount": 10
        },
        "I5": {
          "uniquePassengerCount": 32
        }
      }
    }
  ],
  "cussStats": [
    {
      "timestamp": 1731781800000,
      "stats": {
        "HIALAK44": {
          "uniquePassengerCount": 8
        },
        "HIALAK38": {
          "uniquePassengerCount": 20
        },
        "HIALAK34": {
          "uniquePassengerCount": 7
        },
        "HIALAK36": {
          "uniquePassengerCount": 18
        }
      }
    }
  ]
}