{
  "airlineStats": [
    {
      "timestamp": 1729967400000,
      "stats": {
        "UK": {
          "uniquePassengerCount": 1
        },
        "I5": {
          "uniquePassengerCount": 50
        },
        "AI": {
          "uniquePassengerCount": 4
        }
      }
    }
  ],
  "cussStats": [
    {
      "timestamp": 1729967400000,
      "stats": {
        "HIALAK34": {
          "uniquePassengerCount": 2
        },
        "HIALAK36": {
          "uniquePassengerCount": 16
        },
        "HIALAK38": {
          "uniquePassengerCount": 33
        },
        "HIALAK35": {
          "uniquePassengerCount": 7
        },
        "HIALAK44": {
          "uniquePassengerCount": 2
        }
      }
    }
  ]
}