{
  "airlineStats": [
    {
      "timestamp": 1730745000000,
      "stats": {
        "I5": {
          "uniquePassengerCount": 20
        },
        "UK": {
          "uniquePassengerCount": 11
        },
        "SG": {
          "uniquePassengerCount": 8
        },
        "6E": {
          "uniquePassengerCount": 5
        },
        "AI": {
          "uniquePassengerCount": 3
        }
      }
    }
  ],
  "cussStats": [
    {
      "timestamp": 1730745000000,
      "stats": {
        "HIALAK35": {
          "uniquePassengerCount": 4
        },
        "HIALAK39": {
          "uniquePassengerCount": 3
        },
        "HIALAK34": {
          "uniquePassengerCount": 15
        },
        "HIALAK36": {
          "uniquePassengerCount": 1
        },
        "HIALAK44": {
          "uniquePassengerCount": 7
        },
        "HIALAK38": {
          "uniquePassengerCount": 20
        }
      }
    }
  ]
}