{
  "airlineStats": [
    {
      "timestamp": 1719772200000,
      "stats": {
        "I5": {
          "uniquePassengerCount": 58
        },
        "AI": {
          "uniquePassengerCount": 65
        },
        "UK": {
          "uniquePassengerCount": 36
        },
        "6E": {
          "uniquePassengerCount": 14
        },
        "SG": {
          "uniquePassengerCount": 12
        }
      }
    }
  ],
  "cussStats": [
    {
      "timestamp": 1719772200000,
      "stats": {
        "HIALAK39": {
          "uniquePassengerCount": 23
        },
        "HIALAK36": {
          "uniquePassengerCount": 93
        },
        "HIALAK34": {
          "uniquePassengerCount": 6
        },
        "HIALAK38": {
          "uniquePassengerCount": 6
        },
        "HIALAK37": {
          "uniquePassengerCount": 19
        },
        "HIALAK44": {
          "uniquePassengerCount": 15
        },
        "HIALAK55": {
          "uniquePassengerCount": 20
        },
        "HIALAK35": {
          "uniquePassengerCount": 19
        }
      }
    }
  ]
}