{
  "airlineStats": [
    {
      "timestamp": 1717785000000,
      "stats": {
        "UK": {
          "uniquePassengerCount": 56
        },
        "I5": {
          "uniquePassengerCount": 119
        },
        "SG": {
          "uniquePassengerCount": 15
        },
        "AI": {
          "uniquePassengerCount": 132
        },
        "6E": {
          "uniquePassengerCount": 21
        }
      }
    }
  ],
  "cussStats": [
    {
      "timestamp": 1717785000000,
      "stats": {
        "HIALAK34": {
          "uniquePassengerCount": 13
        },
        "HIALAK44": {
          "uniquePassengerCount": 8
        },
        "HIALAK38": {
          "uniquePassengerCount": 46
        },
        "HIALAK43": {
          "uniquePassengerCount": 13
        },
        "HIALAK36": {
          "uniquePassengerCount": 79
        },
        "HIALAK55": {
          "uniquePassengerCount": 12
        },
        "HIALAK37": {
          "uniquePassengerCount": 134
        },
        "HIALAK35": {
          "uniquePassengerCount": 38
        }
      }
    }
  ]
}