{
  "airlineStats": [
    {
      "timestamp": 1717612200000,
      "stats": {
        "I5": {
          "uniquePassengerCount": 52
        },
        "UK": {
          "uniquePassengerCount": 52
        },
        "SG": {
          "uniquePassengerCount": 59
        },
        "AI": {
          "uniquePassengerCount": 100
        },
        "6E": {
          "uniquePassengerCount": 13
        }
      }
    }
  ],
  "cussStats": [
    {
      "timestamp": 1717612200000,
      "stats": {
        "HIALAK34": {
          "uniquePassengerCount": 12
        },
        "HIALAK43": {
          "uniquePassengerCount": 3
        },
        "HIALAK37": {
          "uniquePassengerCount": 95
        },
        "HIALAK55": {
          "uniquePassengerCount": 8
        },
        "HIALAK39": {
          "uniquePassengerCount": 14
        },
        "HIALAK44": {
          "uniquePassengerCount": 11
        },
        "HIALAK35": {
          "uniquePassengerCount": 6
        },
        "HIALAK38": {
          "uniquePassengerCount": 78
        },
        "HIALAK36": {
          "uniquePassengerCount": 52
        }
      }
    }
  ]
}