{
  "airlineStats": [
    {
      "timestamp": 1728153000000,
      "stats": {
        "AI": {
          "uniquePassengerCount": 13
        },
        "I5": {
          "uniquePassengerCount": 23
        },
        "SG": {
          "uniquePassengerCount": 5
        },
        "UK": {
          "uniquePassengerCount": 7
        },
        "6E": {
          "uniquePassengerCount": 7
        }
      }
    }
  ],
  "cussStats": [
    {
      "timestamp": 1728153000000,
      "stats": {
        "HIALAK44": {
          "uniquePassengerCount": 9
        },
        "HIALAK43": {
          "uniquePassengerCount": 1
        },
        "HIALAK34": {
          "uniquePassengerCount": 8
        },
        "HIALAK35": {
          "uniquePassengerCount": 11
        },
        "HIALAK38": {
          "uniquePassengerCount": 15
        },
        "HIALAK36": {
          "uniquePassengerCount": 13
        }
      }
    }
  ]
}