{
  "airlineStats": [
    {
      "timestamp": 1731177000000,
      "stats": {
        "6E": {
          "uniquePassengerCount": 4
        },
        "UK": {
          "uniquePassengerCount": 5
        },
        "I5": {
          "uniquePassengerCount": 21
        },
        "AI": {
          "uniquePassengerCount": 3
        },
        "SG": {
          "uniquePassengerCount": 16
        }
      }
    }
  ],
  "cussStats": [
    {
      "timestamp": 1731177000000,
      "stats": {
        "HIALAK34": {
          "uniquePassengerCount": 13
        },
        "HIALAK38": {
          "uniquePassengerCount": 18
        },
        "HIALAK44": {
          "uniquePassengerCount": 4
        },
        "HIALAK43": {
          "uniquePassengerCount": 3
        },
        "HIALAK36": {
          "uniquePassengerCount": 11
        }
      }
    }
  ]
}