{
  "airlineStats": [
    {
      "timestamp": 1718217000000,
      "stats": {
        "SG": {
          "uniquePassengerCount": 13
        },
        "AI": {
          "uniquePassengerCount": 135
        },
        "UK": {
          "uniquePassengerCount": 53
        },
        "6E": {
          "uniquePassengerCount": 12
        },
        "I5": {
          "uniquePassengerCount": 112
        }
      }
    }
  ],
  "cussStats": [
    {
      "timestamp": 1718217000000,
      "stats": {
        "HIALAK55": {
          "uniquePassengerCount": 2
        },
        "HIALAK44": {
          "uniquePassengerCount": 5
        },
        "HIALAK39": {
          "uniquePassengerCount": 4
        },
        "HIALAK37": {
          "uniquePassengerCount": 131
        },
        "HIALAK35": {
          "uniquePassengerCount": 25
        },
        "HIALAK38": {
          "uniquePassengerCount": 52
        },
        "HIALAK43": {
          "uniquePassengerCount": 9
        },
        "HIALAK34": {
          "uniquePassengerCount": 42
        },
        "HIALAK36": {
          "uniquePassengerCount": 62
        }
      }
    }
  ]
}