{
  "airlineStats": [
    {
      "timestamp": 1719599400000,
      "stats": {
        "SG": {
          "uniquePassengerCount": 52
        },
        "I5": {
          "uniquePassengerCount": 78
        },
        "6E": {
          "uniquePassengerCount": 29
        },
        "UK": {
          "uniquePassengerCount": 25
        },
        "AI": {
          "uniquePassengerCount": 78
        }
      }
    }
  ],
  "cussStats": [
    {
      "timestamp": 1719599400000,
      "stats": {
        "HIALAK39": {
          "uniquePassengerCount": 9
        },
        "HIALAK38": {
          "uniquePassengerCount": 21
        },
        "HIALAK43": {
          "uniquePassengerCount": 15
        },
        "HIALAK36": {
          "uniquePassengerCount": 51
        },
        "HIALAK44": {
          "uniquePassengerCount": 18
        },
        "HIALAK37": {
          "uniquePassengerCount": 128
        },
        "HIALAK35": {
          "uniquePassengerCount": 3
        },
        "HIALAK34": {
          "uniquePassengerCount": 2
        },
        "HIALAK55": {
          "uniquePassengerCount": 34
        }
      }
    }
  ]
}