{
  "airlineStats": [
    {
      "timestamp": 1719081000000,
      "stats": {
        "SG": {
          "uniquePassengerCount": 24
        },
        "6E": {
          "uniquePassengerCount": 26
        },
        "UK": {
          "uniquePassengerCount": 40
        },
        "AI": {
          "uniquePassengerCount": 77
        },
        "I5": {
          "uniquePassengerCount": 101
        }
      }
    }
  ],
  "cussStats": [
    {
      "timestamp": 1719081000000,
      "stats": {
        "HIALAK44": {
          "uniquePassengerCount": 16
        },
        "HIALAK55": {
          "uniquePassengerCount": 9
        },
        "HIALAK38": {
          "uniquePassengerCount": 96
        },
        "HIALAK39": {
          "uniquePassengerCount": 2
        },
        "HIALAK35": {
          "uniquePassengerCount": 10
        },
        "HIALAK34": {
          "uniquePassengerCount": 3
        },
        "HIALAK43": {
          "uniquePassengerCount": 10
        },
        "HIALAK37": {
          "uniquePassengerCount": 83
        },
        "HIALAK36": {
          "uniquePassengerCount": 47
        }
      }
    }
  ]
}