{
  "airlineStats": [
    {
      "timestamp": 1722364200000,
      "stats": {
        "I5": {
          "uniquePassengerCount": 21
        },
        "UK": {
          "uniquePassengerCount": 21
        },
        "6E": {
          "uniquePassengerCount": 9
        },
        "AI": {
          "uniquePassengerCount": 27
        }
      }
    }
  ],
  "cussStats": [
    {
      "timestamp": 1722364200000,
      "stats": {
        "HIALAK36": {
          "uniquePassengerCount": 38
        },
        "HIALAK44": {
          "uniquePassengerCount": 8
        },
        "HIALAK43": {
          "uniquePassengerCount": 1
        },
        "HIALAK39": {
          "uniquePassengerCount": 5
        },
        "HIALAK38": {
          "uniquePassengerCount": 1
        },
        "HIALAK55": {
          "uniquePassengerCount": 13
        },
        "HIALAK37": {
          "uniquePassengerCount": 12
        }
      }
    }
  ]
}