{
  "airlineStats": [
    {
      "timestamp": 1718303400000,
      "stats": {
        "I5": {
          "uniquePassengerCount": 109
        },
        "UK": {
          "uniquePassengerCount": 50
        },
        "6E": {
          "uniquePassengerCount": 34
        },
        "AI": {
          "uniquePassengerCount": 104
        },
        "SG": {
          "uniquePassengerCount": 10
        }
      }
    }
  ],
  "cussStats": [
    {
      "timestamp": 1718303400000,
      "stats": {
        "HIALAK38": {
          "uniquePassengerCount": 125
        },
        "HIALAK37": {
          "uniquePassengerCount": 66
        },
        "HIALAK35": {
          "uniquePassengerCount": 22
        },
        "HIALAK55": {
          "uniquePassengerCount": 6
        },
        "HIALAK34": {
          "uniquePassengerCount": 24
        },
        "HIALAK43": {
          "uniquePassengerCount": 16
        },
        "HIALAK44": {
          "uniquePassengerCount": 20
        },
        "HIALAK36": {
          "uniquePassengerCount": 29
        }
      }
    }
  ]
}