{
  "airlineStats": [
    {
      "timestamp": 1721845800000,
      "stats": {
        "6E": {
          "uniquePassengerCount": 19
        },
        "I5": {
          "uniquePassengerCount": 63
        },
        "SG": {
          "uniquePassengerCount": 13
        },
        "AI": {
          "uniquePassengerCount": 84
        },
        "UK": {
          "uniquePassengerCount": 18
        }
      }
    }
  ],
  "cussStats": [
    {
      "timestamp": 1721845800000,
      "stats": {
        "HIALAK35": {
          "uniquePassengerCount": 2
        },
        "HIALAK37": {
          "uniquePassengerCount": 20
        },
        "HIALAK38": {
          "uniquePassengerCount": 34
        },
        "HIALAK36": {
          "uniquePassengerCount": 66
        },
        "HIALAK44": {
          "uniquePassengerCount": 14
        },
        "HIALAK55": {
          "uniquePassengerCount": 30
        },
        "HIALAK34": {
          "uniquePassengerCount": 25
        },
        "HIALAK39": {
          "uniquePassengerCount": 1
        },
        "HIALAK43": {
          "uniquePassengerCount": 11
        }
      }
    }
  ]
}