{
  "airlineStats": [
    {
      "timestamp": 1718735400000,
      "stats": {
        "AI": {
          "uniquePassengerCount": 57
        },
        "SG": {
          "uniquePassengerCount": 19
        },
        "6E": {
          "uniquePassengerCount": 54
        },
        "UK": {
          "uniquePassengerCount": 45
        },
        "I5": {
          "uniquePassengerCount": 74
        }
      }
    }
  ],
  "cussStats": [
    {
      "timestamp": 1718735400000,
      "stats": {
        "HIALAK43": {
          "uniquePassengerCount": 28
        },
        "HIALAK38": {
          "uniquePassengerCount": 30
        },
        "HIALAK55": {
          "uniquePassengerCount": 11
        },
        "HIALAK39": {
          "uniquePassengerCount": 9
        },
        "HIALAK37": {
          "uniquePassengerCount": 88
        },
        "HIALAK35": {
          "uniquePassengerCount": 25
        },
        "HIALAK36": {
          "uniquePassengerCount": 27
        },
        "HIALAK44": {
          "uniquePassengerCount": 33
        },
        "HIALAK34": {
          "uniquePassengerCount": 18
        }
      }
    }
  ]
}