{
  "airlineStats": [
    {
      "timestamp": 1718476200000,
      "stats": {
        "UK": {
          "uniquePassengerCount": 31
        },
        "I5": {
          "uniquePassengerCount": 49
        },
        "6E": {
          "uniquePassengerCount": 41
        },
        "SG": {
          "uniquePassengerCount": 23
        },
        "AI": {
          "uniquePassengerCount": 54
        }
      }
    }
  ],
  "cussStats": [
    {
      "timestamp": 1718476200000,
      "stats": {
        "HIALAK43": {
          "uniquePassengerCount": 23
        },
        "HIALAK55": {
          "uniquePassengerCount": 9
        },
        "HIALAK38": {
          "uniquePassengerCount": 63
        },
        "HIALAK44": {
          "uniquePassengerCount": 23
        },
        "HIALAK36": {
          "uniquePassengerCount": 48
        },
        "HIALAK34": {
          "uniquePassengerCount": 8
        },
        "HIALAK35": {
          "uniquePassengerCount": 29
        },
        "HIALAK39": {
          "uniquePassengerCount": 9
        }
      }
    }
  ]
}