{
  "airlineStats": [
    {
      "timestamp": 1729189800000,
      "stats": {
        "I5": {
          "uniquePassengerCount": 18
        },
        "UK": {
          "uniquePassengerCount": 2
        },
        "AI": {
          "uniquePassengerCount": 7
        },
        "SG": {
          "uniquePassengerCount": 2
        },
        "6E": {
          "uniquePassengerCount": 25
        }
      }
    }
  ],
  "cussStats": [
    {
      "timestamp": 1729189800000,
      "stats": {
        "HIALAK35": {
          "uniquePassengerCount": 2
        },
        "HIALAK38": {
          "uniquePassengerCount": 20
        },
        "HIALAK44": {
          "uniquePassengerCount": 31
        },
        "HIALAK43": {
          "uniquePassengerCount": 3
        }
      }
    }
  ]
}