{
  "airlineStats": [
    {
      "timestamp": 1721673000000,
      "stats": {
        "SG": {
          "uniquePassengerCount": 16
        },
        "UK": {
          "uniquePassengerCount": 16
        },
        "I5": {
          "uniquePassengerCount": 21
        },
        "AI": {
          "uniquePassengerCount": 55
        },
        "6E": {
          "uniquePassengerCount": 1
        }
      }
    }
  ],
  "cussStats": [
    {
      "timestamp": 1721673000000,
      "stats": {
        "HIALAK36": {
          "uniquePassengerCount": 56
        },
        "HIALAK43": {
          "uniquePassengerCount": 1
        },
        "HIALAK39": {
          "uniquePassengerCount": 3
        },
        "HIALAK55": {
          "uniquePassengerCount": 13
        },
        "HIALAK38": {
          "uniquePassengerCount": 10
        },
        "HIALAK34": {
          "uniquePassengerCount": 29
        }
      }
    }
  ]
}