{
  "airlineStats": [
    {
      "timestamp": 1724437800000,
      "stats": {
        "UK": {
          "uniquePassengerCount": 23
        },
        "I5": {
          "uniquePassengerCount": 55
        },
        "AI": {
          "uniquePassengerCount": 70
        },
        "SG": {
          "uniquePassengerCount": 3
        }
      }
    }
  ],
  "cussStats": [
    {
      "timestamp": 1724437800000,
      "stats": {
        "HIALAK35": {
          "uniquePassengerCount": 36
        },
        "HIALAK55": {
          "uniquePassengerCount": 48
        },
        "HIALAK37": {
          "uniquePassengerCount": 12
        },
        "HIALAK34": {
          "uniquePassengerCount": 4
        },
        "HIALAK36": {
          "uniquePassengerCount": 24
        },
        "HIALAK38": {
          "uniquePassengerCount": 38
        }
      }
    }
  ]
}