{
  "airlineStats": [
    {
      "timestamp": 1722882600000,
      "stats": {
        "UK": {
          "uniquePassengerCount": 9
        },
        "AI": {
          "uniquePassengerCount": 76
        },
        "I5": {
          "uniquePassengerCount": 33
        },
        "6E": {
          "uniquePassengerCount": 46
        },
        "SG": {
          "uniquePassengerCount": 20
        }
      }
    }
  ],
  "cussStats": [
    {
      "timestamp": 1722882600000,
      "stats": {
        "HIALAK39": {
          "uniquePassengerCount": 2
        },
        "HIALAK38": {
          "uniquePassengerCount": 2
        },
        "HIALAK37": {
          "uniquePassengerCount": 46
        },
        "HIALAK44": {
          "uniquePassengerCount": 50
        },
        "HIALAK43": {
          "uniquePassengerCount": 1
        },
        "HIALAK36": {
          "uniquePassengerCount": 71
        },
        "HIALAK35": {
          "uniquePassengerCount": 7
        },
        "HIALAK55": {
          "uniquePassengerCount": 14
        }
      }
    }
  ]
}