{
  "airlineStats": [
    {
      "timestamp": 1725388200000,
      "stats": {
        "I5": {
          "uniquePassengerCount": 50
        },
        "SG": {
          "uniquePassengerCount": 24
        },
        "AI": {
          "uniquePassengerCount": 8
        },
        "UK": {
          "uniquePassengerCount": 6
        },
        "6E": {
          "uniquePassengerCount": 16
        }
      }
    }
  ],
  "cussStats": [
    {
      "timestamp": 1725388200000,
      "stats": {
        "HIALAK44": {
          "uniquePassengerCount": 17
        },
        "HIALAK38": {
          "uniquePassengerCount": 6
        },
        "HIALAK37": {
          "uniquePassengerCount": 39
        },
        "HIALAK39": {
          "uniquePassengerCount": 4
        },
        "HIALAK34": {
          "uniquePassengerCount": 9
        },
        "HIALAK43": {
          "uniquePassengerCount": 6
        },
        "HIALAK55": {
          "uniquePassengerCount": 16
        },
        "HIALAK36": {
          "uniquePassengerCount": 11
        },
        "HIALAK35": {
          "uniquePassengerCount": 15
        }
      }
    }
  ]
}