{
  "airlineStats": [
    {
      "timestamp": 1723401000000,
      "stats": {
        "SG": {
          "uniquePassengerCount": 23
        },
        "I5": {
          "uniquePassengerCount": 43
        },
        "UK": {
          "uniquePassengerCount": 5
        },
        "6E": {
          "uniquePassengerCount": 43
        },
        "AI": {
          "uniquePassengerCount": 23
        }
      }
    }
  ],
  "cussStats": [
    {
      "timestamp": 1723401000000,
      "stats": {
        "HIALAK55": {
          "uniquePassengerCount": 31
        },
        "HIALAK44": {
          "uniquePassengerCount": 31
        },
        "HIALAK38": {
          "uniquePassengerCount": 14
        },
        "HIALAK43": {
          "uniquePassengerCount": 15
        },
        "HIALAK39": {
          "uniquePassengerCount": 10
        },
        "HIALAK37": {
          "uniquePassengerCount": 16
        },
        "HIALAK36": {
          "uniquePassengerCount": 29
        }
      }
    }
  ]
}