{
  "airlineStats": [
    {
      "timestamp": 1722623400000,
      "stats": {
        "6E": {
          "uniquePassengerCount": 6
        },
        "AI": {
          "uniquePassengerCount": 25
        },
        "UK": {
          "uniquePassengerCount": 16
        },
        "SG": {
          "uniquePassengerCount": 6
        },
        "I5": {
          "uniquePassengerCount": 41
        }
      }
    }
  ],
  "cussStats": [
    {
      "timestamp": 1722623400000,
      "stats": {
        "HIALAK38": {
          "uniquePassengerCount": 19
        },
        "HIALAK55": {
          "uniquePassengerCount": 17
        },
        "HIALAK39": {
          "uniquePassengerCount": 1
        },
        "HIALAK35": {
          "uniquePassengerCount": 3
        },
        "HIALAK44": {
          "uniquePassengerCount": 6
        },
        "HIALAK36": {
          "uniquePassengerCount": 33
        },
        "HIALAK37": {
          "uniquePassengerCount": 16
        }
      }
    }
  ]
}