{
  "airlineStats": [
    {
      "timestamp": 1727980200000,
      "stats": {
        "I5": {
          "uniquePassengerCount": 6
        },
        "UK": {
          "uniquePassengerCount": 3
        },
        "AI": {
          "uniquePassengerCount": 3
        },
        "SG": {
          "uniquePassengerCount": 2
        },
        "6E": {
          "uniquePassengerCount": 13
        }
      }
    }
  ],
  "cussStats": [
    {
      "timestamp": 1727980200000,
      "stats": {
        "HIALAK39": {
          "uniquePassengerCount": 1
        },
        "HIALAK38": {
          "uniquePassengerCount": 1
        },
        "HIALAK44": {
          "uniquePassengerCount": 15
        },
        "HIALAK34": {
          "uniquePassengerCount": 4
        },
        "HIALAK35": {
          "uniquePassengerCount": 6
        },
        "HIALAK43": {
          "uniquePassengerCount": 1
        }
      }
    }
  ]
}