{
  "airlineStats": [
    {
      "timestamp": 1725906600000,
      "stats": {
        "UK": {
          "uniquePassengerCount": 9
        },
        "AI": {
          "uniquePassengerCount": 6
        },
        "I5": {
          "uniquePassengerCount": 27
        },
        "6E": {
          "uniquePassengerCount": 18
        },
        "SG": {
          "uniquePassengerCount": 13
        }
      }
    }
  ],
  "cussStats": [
    {
      "timestamp": 1725906600000,
      "stats": {
        "HIALAK44": {
          "uniquePassengerCount": 12
        },
        "HIALAK39": {
          "uniquePassengerCount": 2
        },
        "HIALAK35": {
          "uniquePassengerCount": 11
        },
        "HIALAK55": {
          "uniquePassengerCount": 15
        },
        "HIALAK43": {
          "uniquePassengerCount": 15
        },
        "HIALAK38": {
          "uniquePassengerCount": 14
        },
        "HIALAK37": {
          "uniquePassengerCount": 17
        },
        "HIALAK34": {
          "uniquePassengerCount": 7
        }
      }
    }
  ]
}