{
  "airlineStats": [
    {
      "timestamp": 1729017000000,
      "stats": {
        "6E": {
          "uniquePassengerCount": 4
        },
        "AI": {
          "uniquePassengerCount": 30
        },
        "I5": {
          "uniquePassengerCount": 46
        },
        "UK": {
          "uniquePassengerCount": 7
        },
        "SG": {
          "uniquePassengerCount": 4
        }
      }
    }
  ],
  "cussStats": [
    {
      "timestamp": 1729017000000,
      "stats": {
        "HIALAK34": {
          "uniquePassengerCount": 21
        },
        "HIALAK38": {
          "uniquePassengerCount": 34
        },
        "HIALAK35": {
          "uniquePassengerCount": 10
        },
        "HIALAK36": {
          "uniquePassengerCount": 24
        },
        "HIALAK44": {
          "uniquePassengerCount": 4
        }
      }
    }
  ]
}