{
  "airlineStats": [
    {
      "timestamp": 1728239400000,
      "stats": {
        "UK": {
          "uniquePassengerCount": 6
        },
        "SG": {
          "uniquePassengerCount": 3
        },
        "AI": {
          "uniquePassengerCount": 27
        },
        "6E": {
          "uniquePassengerCount": 8
        },
        "I5": {
          "uniquePassengerCount": 42
        }
      }
    }
  ],
  "cussStats": [
    {
      "timestamp": 1728239400000,
      "stats": {
        "HIALAK35": {
          "uniquePassengerCount": 21
        },
        "HIALAK38": {
          "uniquePassengerCount": 31
        },
        "HIALAK34": {
          "uniquePassengerCount": 14
        },
        "HIALAK43": {
          "uniquePassengerCount": 2
        },
        "HIALAK44": {
          "uniquePassengerCount": 10
        },
        "HIALAK36": {
          "uniquePassengerCount": 10
        }
      }
    }
  ]
}