{
  "airlineStats": [
    {
      "timestamp": 1729621800000,
      "stats": {
        "I5": {
          "uniquePassengerCount": 47
        },
        "6E": {
          "uniquePassengerCount": 22
        },
        "UK": {
          "uniquePassengerCount": 1
        },
        "AI": {
          "uniquePassengerCount": 29
        },
        "SG": {
          "uniquePassengerCount": 12
        }
      }
    }
  ],
  "cussStats": [
    {
      "timestamp": 1729621800000,
      "stats": {
        "HIALAK34": {
          "uniquePassengerCount": 7
        },
        "HIALAK43": {
          "uniquePassengerCount": 1
        },
        "HIALAK44": {
          "uniquePassengerCount": 24
        },
        "HIALAK35": {
          "uniquePassengerCount": 16
        },
        "HIALAK38": {
          "uniquePassengerCount": 46
        },
        "HIALAK36": {
          "uniquePassengerCount": 24
        }
      }
    }
  ]
}