{
  "airlineStats": [
    {
      "timestamp": 1731090600000,
      "stats": {
        "6E": {
          "uniquePassengerCount": 5
        },
        "AI": {
          "uniquePassengerCount": 8
        },
        "I5": {
          "uniquePassengerCount": 8
        },
        "SG": {
          "uniquePassengerCount": 10
        },
        "UK": {
          "uniquePassengerCount": 5
        }
      }
    }
  ],
  "cussStats": [
    {
      "timestamp": 1731090600000,
      "stats": {
        "HIALAK36": {
          "uniquePassengerCount": 1
        },
        "HIALAK35": {
          "uniquePassengerCount": 1
        },
        "HIALAK38": {
          "uniquePassengerCount": 5
        },
        "HIALAK34": {
          "uniquePassengerCount": 25
        },
        "HIALAK44": {
          "uniquePassengerCount": 5
        }
      }
    }
  ]
}