{
  "airlineStats": [
    {
      "timestamp": 1725042600000,
      "stats": {
        "I5": {
          "uniquePassengerCount": 47
        },
        "AI": {
          "uniquePassengerCount": 36
        },
        "6E": {
          "uniquePassengerCount": 16
        },
        "SG": {
          "uniquePassengerCount": 4
        }
      }
    }
  ],
  "cussStats": [
    {
      "timestamp": 1725042600000,
      "stats": {
        "HIALAK36": {
          "uniquePassengerCount": 41
        },
        "HIALAK38": {
          "uniquePassengerCount": 29
        },
        "HIALAK44": {
          "uniquePassengerCount": 10
        },
        "HIALAK34": {
          "uniquePassengerCount": 4
        },
        "HIALAK55": {
          "uniquePassengerCount": 7
        },
        "HIALAK35": {
          "uniquePassengerCount": 11
        },
        "HIALAK43": {
          "uniquePassengerCount": 10
        }
      }
    }
  ]
}