{
  "airlineStats": [
    {
      "timestamp": 1719945000000,
      "stats": {
        "I5": {
          "uniquePassengerCount": 71
        },
        "6E": {
          "uniquePassengerCount": 12
        },
        "UK": {
          "uniquePassengerCount": 14
        },
        "SG": {
          "uniquePassengerCount": 29
        },
        "AI": {
          "uniquePassengerCount": 65
        }
      }
    }
  ],
  "cussStats": [
    {
      "timestamp": 1719945000000,
      "stats": {
        "HIALAK36": {
          "uniquePassengerCount": 61
        },
        "HIALAK35": {
          "uniquePassengerCount": 34
        },
        "HIALAK55": {
          "uniquePassengerCount": 8
        },
        "HIALAK43": {
          "uniquePassengerCount": 3
        },
        "HIALAK44": {
          "uniquePassengerCount": 20
        },
        "HIALAK38": {
          "uniquePassengerCount": 14
        },
        "HIALAK37": {
          "uniquePassengerCount": 55
        },
        "HIALAK39": {
          "uniquePassengerCount": 2
        },
        "HIALAK34": {
          "uniquePassengerCount": 7
        }
      }
    }
  ]
}