{
  "airlineStats": [
    {
      "timestamp": 1729881000000,
      "stats": {
        "SG": {
          "uniquePassengerCount": 8
        },
        "I5": {
          "uniquePassengerCount": 39
        },
        "6E": {
          "uniquePassengerCount": 1
        },
        "AI": {
          "uniquePassengerCount": 15
        }
      }
    }
  ],
  "cussStats": [
    {
      "timestamp": 1729881000000,
      "stats": {
        "HIALAK35": {
          "uniquePassengerCount": 9
        },
        "HIALAK36": {
          "uniquePassengerCount": 20
        },
        "HIALAK38": {
          "uniquePassengerCount": 36
        },
        "HIALAK44": {
          "uniquePassengerCount": 3
        },
        "HIALAK34": {
          "uniquePassengerCount": 4
        },
        "HIALAK43": {
          "uniquePassengerCount": 1
        }
      }
    }
  ]
}