{
  "airlineStats": [
    {
      "timestamp": 1726770600000,
      "stats": {
        "6E": {
          "uniquePassengerCount": 40
        },
        "AI": {
          "uniquePassengerCount": 10
        },
        "SG": {
          "uniquePassengerCount": 5
        },
        "I5": {
          "uniquePassengerCount": 29
        },
        "UK": {
          "uniquePassengerCount": 7
        }
      }
    }
  ],
  "cussStats": [
    {
      "timestamp": 1726770600000,
      "stats": {
        "HIALAK43": {
          "uniquePassengerCount": 4
        },
        "HIALAK35": {
          "uniquePassengerCount": 6
        },
        "HIALAK37": {
          "uniquePassengerCount": 24
        },
        "HIALAK55": {
          "uniquePassengerCount": 6
        },
        "HIALAK39": {
          "uniquePassengerCount": 2
        },
        "HIALAK38": {
          "uniquePassengerCount": 2
        },
        "HIALAK44": {
          "uniquePassengerCount": 44
        },
        "HIALAK34": {
          "uniquePassengerCount": 12
        }
      }
    }
  ]
}