{
  "airlineStats": [
    {
      "timestamp": 1727548200000,
      "stats": {
        "AI": {
          "uniquePassengerCount": 18
        },
        "UK": {
          "uniquePassengerCount": 7
        },
        "6E": {
          "uniquePassengerCount": 19
        },
        "I5": {
          "uniquePassengerCount": 13
        }
      }
    }
  ],
  "cussStats": [
    {
      "timestamp": 1727548200000,
      "stats": {
        "HIALAK43": {
          "uniquePassengerCount": 11
        },
        "HIALAK44": {
          "uniquePassengerCount": 12
        },
        "HIALAK35": {
          "uniquePassengerCount": 7
        },
        "HIALAK36": {
          "uniquePassengerCount": 28
        },
        "HIALAK34": {
          "uniquePassengerCount": 4
        }
      }
    }
  ]
}