{
  "airlineStats": [
    {
      "timestamp": 1723055400000,
      "stats": {
        "AI": {
          "uniquePassengerCount": 41
        },
        "6E": {
          "uniquePassengerCount": 19
        },
        "SG": {
          "uniquePassengerCount": 9
        },
        "UK": {
          "uniquePassengerCount": 24
        },
        "I5": {
          "uniquePassengerCount": 33
        }
      }
    }
  ],
  "cussStats": [
    {
      "timestamp": 1723055400000,
      "stats": {
        "HIALAK36": {
          "uniquePassengerCount": 8
        },
        "HIALAK43": {
          "uniquePassengerCount": 5
        },
        "HIALAK37": {
          "uniquePassengerCount": 21
        },
        "HIALAK38": {
          "uniquePassengerCount": 20
        },
        "HIALAK35": {
          "uniquePassengerCount": 27
        },
        "HIALAK44": {
          "uniquePassengerCount": 17
        },
        "HIALAK55": {
          "uniquePassengerCount": 34
        },
        "HIALAK39": {
          "uniquePassengerCount": 1
        }
      }
    }
  ]
}