{
  "airlineStats": [
    {
      "timestamp": 1729276200000,
      "stats": {
        "I5": {
          "uniquePassengerCount": 26
        },
        "AI": {
          "uniquePassengerCount": 3
        },
        "6E": {
          "uniquePassengerCount": 27
        },
        "SG": {
          "uniquePassengerCount": 4
        }
      }
    }
  ],
  "cussStats": [
    {
      "timestamp": 1729276200000,
      "stats": {
        "HIALAK44": {
          "uniquePassengerCount": 30
        },
        "HIALAK38": {
          "uniquePassengerCount": 30
        }
      }
    }
  ]
}