{
  "airlineStats": [
    {
      "timestamp": 1719340200000,
      "stats": {
        "AI": {
          "uniquePassengerCount": 70
        },
        "UK": {
          "uniquePassengerCount": 39
        },
        "I5": {
          "uniquePassengerCount": 99
        },
        "6E": {
          "uniquePassengerCount": 24
        },
        "SG": {
          "uniquePassengerCount": 14
        }
      }
    }
  ],
  "cussStats": [
    {
      "timestamp": 1719340200000,
      "stats": {
        "HIALAK38": {
          "uniquePassengerCount": 52
        },
        "HIALAK55": {
          "uniquePassengerCount": 1
        },
        "HIALAK35": {
          "uniquePassengerCount": 9
        },
        "HIALAK36": {
          "uniquePassengerCount": 89
        },
        "HIALAK43": {
          "uniquePassengerCount": 2
        },
        "HIALAK37": {
          "uniquePassengerCount": 64
        },
        "HIALAK34": {
          "uniquePassengerCount": 18
        },
        "HIALAK39": {
          "uniquePassengerCount": 6
        },
        "HIALAK44": {
          "uniquePassengerCount": 22
        }
      }
    }
  ]
}