{
  "airlineStats": [
    {
      "timestamp": 1726597800000,
      "stats": {
        "6E": {
          "uniquePassengerCount": 38
        },
        "I5": {
          "uniquePassengerCount": 25
        },
        "UK": {
          "uniquePassengerCount": 2
        },
        "AI": {
          "uniquePassengerCount": 11
        },
        "SG": {
          "uniquePassengerCount": 1
        }
      }
    }
  ],
  "cussStats": [
    {
      "timestamp": 1726597800000,
      "stats": {
        "HIALAK44": {
          "uniquePassengerCount": 42
        },
        "HIALAK35": {
          "uniquePassengerCount": 6
        },
        "HIALAK39": {
          "uniquePassengerCount": 7
        },
        "HIALAK37": {
          "uniquePassengerCount": 8
        },
        "HIALAK38": {
          "uniquePassengerCount": 10
        },
        "HIALAK55": {
          "uniquePassengerCount": 7
        },
        "HIALAK43": {
          "uniquePassengerCount": 3
        }
      }
    }
  ]
}