{
  "airlineStats": [
    {
      "timestamp": 1724351400000,
      "stats": {
        "SG": {
          "uniquePassengerCount": 20
        },
        "UK": {
          "uniquePassengerCount": 11
        },
        "I5": {
          "uniquePassengerCount": 11
        },
        "6E": {
          "uniquePassengerCount": 7
        },
        "AI": {
          "uniquePassengerCount": 25
        }
      }
    }
  ],
  "cussStats": [
    {
      "timestamp": 1724351400000,
      "stats": {
        "HIALAK36": {
          "uniquePassengerCount": 5
        },
        "HIALAK35": {
          "uniquePassengerCount": 7
        },
        "HIALAK55": {
          "uniquePassengerCount": 17
        },
        "HIALAK44": {
          "uniquePassengerCount": 1
        },
        "HIALAK37": {
          "uniquePassengerCount": 7
        },
        "HIALAK43": {
          "uniquePassengerCount": 7
        },
        "HIALAK38": {
          "uniquePassengerCount": 14
        },
        "HIALAK34": {
          "uniquePassengerCount": 19
        }
      }
    }
  ]
}