{
  "airlineStats": [
    {
      "timestamp": 1720463400000,
      "stats": {
        "UK": {
          "uniquePassengerCount": 28
        },
        "AI": {
          "uniquePassengerCount": 52
        },
        "I5": {
          "uniquePassengerCount": 55
        },
        "SG": {
          "uniquePassengerCount": 29
        },
        "6E": {
          "uniquePassengerCount": 65
        }
      }
    }
  ],
  "cussStats": [
    {
      "timestamp": 1720463400000,
      "stats": {
        "HIALAK36": {
          "uniquePassengerCount": 57
        },
        "HIALAK38": {
          "uniquePassengerCount": 12
        },
        "HIALAK55": {
          "uniquePassengerCount": 12
        },
        "HIALAK43": {
          "uniquePassengerCount": 26
        },
        "HIALAK37": {
          "uniquePassengerCount": 85
        },
        "HIALAK35": {
          "uniquePassengerCount": 1
        },
        "HIALAK44": {
          "uniquePassengerCount": 41
        },
        "HIALAK34": {
          "uniquePassengerCount": 7
        }
      }
    }
  ]
}