{
  "airlineStats": [
    {
      "timestamp": 1719513000000,
      "stats": {
        "UK": {
          "uniquePassengerCount": 15
        },
        "I5": {
          "uniquePassengerCount": 63
        },
        "6E": {
          "uniquePassengerCount": 29
        },
        "AI": {
          "uniquePassengerCount": 78
        },
        "SG": {
          "uniquePassengerCount": 29
        }
      }
    }
  ],
  "cussStats": [
    {
      "timestamp": 1719513000000,
      "stats": {
        "HIALAK55": {
          "uniquePassengerCount": 4
        },
        "HIALAK34": {
          "uniquePassengerCount": 6
        },
        "HIALAK39": {
          "uniquePassengerCount": 19
        },
        "HIALAK44": {
          "uniquePassengerCount": 18
        },
        "HIALAK35": {
          "uniquePassengerCount": 26
        },
        "HIALAK43": {
          "uniquePassengerCount": 11
        },
        "HIALAK37": {
          "uniquePassengerCount": 117
        },
        "HIALAK36": {
          "uniquePassengerCount": 26
        },
        "HIALAK38": {
          "uniquePassengerCount": 7
        }
      }
    }
  ]
}