{
  "airlineStats": [
    {
      "timestamp": 1727029800000,
      "stats": {
        "AI": {
          "uniquePassengerCount": 12
        },
        "I5": {
          "uniquePassengerCount": 17
        },
        "6E": {
          "uniquePassengerCount": 32
        },
        "SG": {
          "uniquePassengerCount": 10
        },
        "UK": {
          "uniquePassengerCount": 3
        }
      }
    }
  ],
  "cussStats": [
    {
      "timestamp": 1727029800000,
      "stats": {
        "HIALAK36": {
          "uniquePassengerCount": 10
        },
        "HIALAK43": {
          "uniquePassengerCount": 17
        },
        "HIALAK35": {
          "uniquePassengerCount": 5
        },
        "HIALAK44": {
          "uniquePassengerCount": 26
        },
        "HIALAK34": {
          "uniquePassengerCount": 2
        },
        "HIALAK55": {
          "uniquePassengerCount": 1
        },
        "HIALAK38": {
          "uniquePassengerCount": 12
        },
        "HIALAK39": {
          "uniquePassengerCount": 3
        }
      }
    }
  ]
}