{
  "airlineStats": [
    {
      "timestamp": 1717007400000,
      "stats": {
        "AI": {
          "uniquePassengerCount": 49
        },
        "UK": {
          "uniquePassengerCount": 42
        },
        "I5": {
          "uniquePassengerCount": 27
        },
        "SG": {
          "uniquePassengerCount": 13
        },
        "6E": {
          "uniquePassengerCount": 63
        }
      }
    }
  ],
  "cussStats": [
    {
      "timestamp": 1717007400000,
      "stats": {
        "HIALAK44": {
          "uniquePassengerCount": 14
        },
        "HIALAK39": {
          "uniquePassengerCount": 5
        },
        "HIALAK45": {
          "uniquePassengerCount": 14
        },
        "HIALAK35": {
          "uniquePassengerCount": 43
        },
        "HIALAK37": {
          "uniquePassengerCount": 42
        },
        "HIALAK38": {
          "uniquePassengerCount": 32
        },
        "HIALAK34": {
          "uniquePassengerCount": 2
        },
        "HIALAK36": {
          "uniquePassengerCount": 5
        },
        "HIALAK55": {
          "uniquePassengerCount": 5
        },
        "HIALAK43": {
          "uniquePassengerCount": 36
        }
      }
    }
  ]
}