{
  "airlineStats": [
    {
      "timestamp": 1724697000000,
      "stats": {
        "AI": {
          "uniquePassengerCount": 15
        },
        "I5": {
          "uniquePassengerCount": 18
        },
        "SG": {
          "uniquePassengerCount": 9
        },
        "6E": {
          "uniquePassengerCount": 17
        }
      }
    }
  ],
  "cussStats": [
    {
      "timestamp": 1724697000000,
      "stats": {
        "HIALAK43": {
          "uniquePassengerCount": 15
        },
        "HIALAK55": {
          "uniquePassengerCount": 13
        },
        "HIALAK44": {
          "uniquePassengerCount": 6
        },
        "HIALAK38": {
          "uniquePassengerCount": 10
        },
        "HIALAK35": {
          "uniquePassengerCount": 12
        },
        "HIALAK36": {
          "uniquePassengerCount": 6
        }
      }
    }
  ]
}