{
  "airlineStats": [
    {
      "timestamp": 1723660200000,
      "stats": {
        "I5": {
          "uniquePassengerCount": 40
        },
        "AI": {
          "uniquePassengerCount": 14
        },
        "SG": {
          "uniquePassengerCount": 26
        },
        "6E": {
          "uniquePassengerCount": 8
        },
        "UK": {
          "uniquePassengerCount": 3
        }
      }
    }
  ],
  "cussStats": [
    {
      "timestamp": 1723660200000,
      "stats": {
        "HIALAK38": {
          "uniquePassengerCount": 16
        },
        "HIALAK43": {
          "uniquePassengerCount": 8
        },
        "HIALAK37": {
          "uniquePassengerCount": 36
        },
        "HIALAK55": {
          "uniquePassengerCount": 26
        },
        "HIALAK39": {
          "uniquePassengerCount": 7
        },
        "HIALAK36": {
          "uniquePassengerCount": 6
        }
      }
    }
  ]
}