{
  "airlineStats": [
    {
      "timestamp": 1719685800000,
      "stats": {
        "I5": {
          "uniquePassengerCount": 84
        },
        "SG": {
          "uniquePassengerCount": 31
        },
        "6E": {
          "uniquePassengerCount": 20
        },
        "AI": {
          "uniquePassengerCount": 62
        },
        "UK": {
          "uniquePassengerCount": 20
        }
      }
    }
  ],
  "cussStats": [
    {
      "timestamp": 1719685800000,
      "stats": {
        "HIALAK37": {
          "uniquePassengerCount": 90
        },
        "HIALAK36": {
          "uniquePassengerCount": 52
        },
        "HIALAK38": {
          "uniquePassengerCount": 30
        },
        "HIALAK39": {
          "uniquePassengerCount": 2
        },
        "HIALAK43": {
          "uniquePassengerCount": 1
        },
        "HIALAK55": {
          "uniquePassengerCount": 22
        },
        "HIALAK44": {
          "uniquePassengerCount": 21
        },
        "HIALAK35": {
          "uniquePassengerCount": 17
        }
      }
    }
  ]
}