{
  "airlineStats": [
    {
      "timestamp": 1724783400000,
      "stats": {
        "I5": {
          "uniquePassengerCount": 26
        },
        "AI": {
          "uniquePassengerCount": 17
        },
        "6E": {
          "uniquePassengerCount": 4
        },
        "SG": {
          "uniquePassengerCount": 8
        }
      }
    }
  ],
  "cussStats": [
    {
      "timestamp": 1724783400000,
      "stats": {
        "HIALAK55": {
          "uniquePassengerCount": 13
        },
        "HIALAK35": {
          "uniquePassengerCount": 6
        },
        "HIALAK38": {
          "uniquePassengerCount": 16
        },
        "HIALAK36": {
          "uniquePassengerCount": 18
        },
        "HIALAK43": {
          "uniquePassengerCount": 3
        },
        "HIALAK44": {
          "uniquePassengerCount": 1
        }
      }
    }
  ]
}