{
  "airlineStats": [
    {
      "timestamp": 1716489000000,
      "stats": {
        "AI": {
          "uniquePassengerCount": 107
        },
        "I5": {
          "uniquePassengerCount": 75
        },
        "SG": {
          "uniquePassengerCount": 29
        },
        "6E": {
          "uniquePassengerCount": 116
        },
        "UK": {
          "uniquePassengerCount": 42
        }
      }
    }
  ],
  "cussStats": [
    {
      "timestamp": 1716489000000,
      "stats": {
        "HIALAK35": {
          "uniquePassengerCount": 45
        },
        "HIALAK37": {
          "uniquePassengerCount": 54
        },
        "HIALAK36": {
          "uniquePassengerCount": 19
        },
        "HIALAK55": {
          "uniquePassengerCount": 22
        },
        "HIALAK43": {
          "uniquePassengerCount": 23
        },
        "HIALAK44": {
          "uniquePassengerCount": 75
        },
        "HIALAK39": {
          "uniquePassengerCount": 24
        },
        "HIALAK34": {
          "uniquePassengerCount": 9
        },
        "HIALAK45": {
          "uniquePassengerCount": 19
        },
        "HIALAK38": {
          "uniquePassengerCount": 86
        }
      }
    }
  ]
}