{
  "airlineStats": [
    {
      "timestamp": 1723487400000,
      "stats": {
        "SG": {
          "uniquePassengerCount": 14
        },
        "6E": {
          "uniquePassengerCount": 17
        },
        "I5": {
          "uniquePassengerCount": 24
        },
        "UK": {
          "uniquePassengerCount": 18
        },
        "AI": {
          "uniquePassengerCount": 12
        }
      }
    }
  ],
  "cussStats": [
    {
      "timestamp": 1723487400000,
      "stats": {
        "HIALAK38": {
          "uniquePassengerCount": 7
        },
        "HIALAK36": {
          "uniquePassengerCount": 13
        },
        "HIALAK43": {
          "uniquePassengerCount": 14
        },
        "HIALAK37": {
          "uniquePassengerCount": 17
        },
        "HIALAK44": {
          "uniquePassengerCount": 10
        },
        "HIALAK55": {
          "uniquePassengerCount": 29
        },
        "HIALAK39": {
          "uniquePassengerCount": 3
        }
      }
    }
  ]
}