{
  "airlineStats": [
    {
      "timestamp": 1717093800000,
      "stats": {
        "AI": {
          "uniquePassengerCount": 87
        },
        "UK": {
          "uniquePassengerCount": 45
        },
        "6E": {
          "uniquePassengerCount": 13
        },
        "SG": {
          "uniquePassengerCount": 32
        },
        "I5": {
          "uniquePassengerCount": 24
        }
      }
    }
  ],
  "cussStats": [
    {
      "timestamp": 1717093800000,
      "stats": {
        "HIALAK36": {
          "uniquePassengerCount": 6
        },
        "HIALAK34": {
          "uniquePassengerCount": 7
        },
        "HIALAK44": {
          "uniquePassengerCount": 12
        },
        "HIALAK37": {
          "uniquePassengerCount": 46
        },
        "HIALAK55": {
          "uniquePassengerCount": 16
        },
        "HIALAK38": {
          "uniquePassengerCount": 88
        },
        "HIALAK35": {
          "uniquePassengerCount": 19
        },
        "HIALAK39": {
          "uniquePassengerCount": 6
        },
        "HIALAK43": {
          "uniquePassengerCount": 2
        }
      }
    }
  ]
}