{
  "airlineStats": [
    {
      "timestamp": 1728066600000,
      "stats": {
        "I5": {
          "uniquePassengerCount": 10
        },
        "AI": {
          "uniquePassengerCount": 12
        },
        "UK": {
          "uniquePassengerCount": 6
        },
        "6E": {
          "uniquePassengerCount": 7
        },
        "SG": {
          "uniquePassengerCount": 3
        }
      }
    }
  ],
  "cussStats": [
    {
      "timestamp": 1728066600000,
      "stats": {
        "HIALAK38": {
          "uniquePassengerCount": 12
        },
        "HIALAK35": {
          "uniquePassengerCount": 8
        },
        "HIALAK44": {
          "uniquePassengerCount": 7
        },
        "HIALAK43": {
          "uniquePassengerCount": 1
        },
        "HIALAK34": {
          "uniquePassengerCount": 10
        }
      }
    }
  ]
}