{
  "airlineStats": [
    {
      "timestamp": 1722969000000,
      "stats": {
        "UK": {
          "uniquePassengerCount": 15
        },
        "AI": {
          "uniquePassengerCount": 22
        },
        "6E": {
          "uniquePassengerCount": 15
        },
        "SG": {
          "uniquePassengerCount": 8
        },
        "I5": {
          "uniquePassengerCount": 13
        }
      }
    }
  ],
  "cussStats": [
    {
      "timestamp": 1722969000000,
      "stats": {
        "HIALAK43": {
          "uniquePassengerCount": 15
        },
        "HIALAK35": {
          "uniquePassengerCount": 9
        },
        "HIALAK37": {
          "uniquePassengerCount": 6
        },
        "HIALAK36": {
          "uniquePassengerCount": 33
        },
        "HIALAK55": {
          "uniquePassengerCount": 8
        },
        "HIALAK39": {
          "uniquePassengerCount": 6
        },
        "HIALAK44": {
          "uniquePassengerCount": 4
        }
      }
    }
  ]
}