{
  "airlineStats": [
    {
      "timestamp": 1730140200000,
      "stats": {
        "SG": {
          "uniquePassengerCount": 2
        },
        "I5": {
          "uniquePassengerCount": 37
        },
        "AI": {
          "uniquePassengerCount": 7
        }
      }
    }
  ],
  "cussStats": [
    {
      "timestamp": 1730140200000,
      "stats": {
        "HIALAK35": {
          "uniquePassengerCount": 5
        },
        "HIALAK36": {
          "uniquePassengerCount": 6
        },
        "HIALAK44": {
          "uniquePassengerCount": 1
        },
        "HIALAK38": {
          "uniquePassengerCount": 36
        },
        "HIALAK34": {
          "uniquePassengerCount": 2
        }
      }
    }
  ]
}