{
  "airlineStats": [
    {
      "timestamp": 1718908200000,
      "stats": {
        "6E": {
          "uniquePassengerCount": 41
        },
        "AI": {
          "uniquePassengerCount": 87
        },
        "UK": {
          "uniquePassengerCount": 55
        },
        "SG": {
          "uniquePassengerCount": 6
        },
        "I5": {
          "uniquePassengerCount": 110
        }
      }
    }
  ],
  "cussStats": [
    {
      "timestamp": 1718908200000,
      "stats": {
        "HIALAK39": {
          "uniquePassengerCount": 8
        },
        "HIALAK55": {
          "uniquePassengerCount": 23
        },
        "HIALAK38": {
          "uniquePassengerCount": 67
        },
        "HIALAK44": {
          "uniquePassengerCount": 30
        },
        "HIALAK35": {
          "uniquePassengerCount": 19
        },
        "HIALAK34": {
          "uniquePassengerCount": 17
        },
        "HIALAK36": {
          "uniquePassengerCount": 37
        },
        "HIALAK43": {
          "uniquePassengerCount": 13
        },
        "HIALAK37": {
          "uniquePassengerCount": 111
        }
      }
    }
  ]
}