{
  "airlineStats": [
    {
      "timestamp": 1721586600000,
      "stats": {
        "I5": {
          "uniquePassengerCount": 9
        },
        "UK": {
          "uniquePassengerCount": 11
        },
        "SG": {
          "uniquePassengerCount": 5
        },
        "AI": {
          "uniquePassengerCount": 19
        }
      }
    }
  ],
  "cussStats": [
    {
      "timestamp": 1721586600000,
      "stats": {
        "HIALAK38": {
          "uniquePassengerCount": 20
        },
        "HIALAK36": {
          "uniquePassengerCount": 15
        },
        "HIALAK34": {
          "uniquePassengerCount": 2
        },
        "HIALAK55": {
          "uniquePassengerCount": 7
        },
        "HIALAK39": {
          "uniquePassengerCount": 1
        }
      }
    }
  ]
}