{
  "airlineStats": [
    {
      "timestamp": 1718562600000,
      "stats": {
        "AI": {
          "uniquePassengerCount": 83
        },
        "UK": {
          "uniquePassengerCount": 41
        },
        "SG": {
          "uniquePassengerCount": 26
        },
        "I5": {
          "uniquePassengerCount": 77
        },
        "6E": {
          "uniquePassengerCount": 18
        }
      }
    }
  ],
  "cussStats": [
    {
      "timestamp": 1718562600000,
      "stats": {
        "HIALAK36": {
          "uniquePassengerCount": 31
        },
        "HIALAK55": {
          "uniquePassengerCount": 12
        },
        "HIALAK43": {
          "uniquePassengerCount": 5
        },
        "HIALAK38": {
          "uniquePassengerCount": 81
        },
        "HIALAK35": {
          "uniquePassengerCount": 8
        },
        "HIALAK34": {
          "uniquePassengerCount": 15
        },
        "HIALAK39": {
          "uniquePassengerCount": 1
        },
        "HIALAK37": {
          "uniquePassengerCount": 75
        },
        "HIALAK44": {
          "uniquePassengerCount": 19
        }
      }
    }
  ]
}