{
  "airlineStats": [
    {
      "timestamp": 1731522600000,
      "stats": {
        "AI": {
          "uniquePassengerCount": 18
        },
        "SG": {
          "uniquePassengerCount": 15
        },
        "6E": {
          "uniquePassengerCount": 2
        },
        "I5": {
          "uniquePassengerCount": 21
        }
      }
    }
  ],
  "cussStats": [
    {
      "timestamp": 1731522600000,
      "stats": {
        "HIALAK44": {
          "uniquePassengerCount": 2
        },
        "HIALAK36": {
          "uniquePassengerCount": 7
        },
        "HIALAK34": {
          "uniquePassengerCount": 4
        },
        "HIALAK38": {
          "uniquePassengerCount": 44
        }
      }
    }
  ]
}