{
  "airlineStats": [
    {
      "timestamp": 1730226600000,
      "stats": {
        "I5": {
          "uniquePassengerCount": 43
        },
        "AI": {
          "uniquePassengerCount": 11
        },
        "6E": {
          "uniquePassengerCount": 2
        },
        "UK": {
          "uniquePassengerCount": 7
        },
        "SG": {
          "uniquePassengerCount": 5
        }
      }
    }
  ],
  "cussStats": [
    {
      "timestamp": 1730226600000,
      "stats": {
        "HIALAK35": {
          "uniquePassengerCount": 22
        },
        "HIALAK36": {
          "uniquePassengerCount": 8
        },
        "HIALAK43": {
          "uniquePassengerCount": 2
        },
        "HIALAK39": {
          "uniquePassengerCount": 18
        },
        "HIALAK38": {
          "uniquePassengerCount": 32
        },
        "HIALAK34": {
          "uniquePassengerCount": 1
        }
      }
    }
  ]
}