{
  "airlineStats": [
    {
      "timestamp": 1726079400000,
      "stats": {
        "AI": {
          "uniquePassengerCount": 15
        },
        "SG": {
          "uniquePassengerCount": 22
        },
        "I5": {
          "uniquePassengerCount": 29
        },
        "6E": {
          "uniquePassengerCount": 17
        }
      }
    }
  ],
  "cussStats": [
    {
      "timestamp": 1726079400000,
      "stats": {
        "HIALAK55": {
          "uniquePassengerCount": 14
        },
        "HIALAK38": {
          "uniquePassengerCount": 13
        },
        "HIALAK39": {
          "uniquePassengerCount": 1
        },
        "HIALAK43": {
          "uniquePassengerCount": 1
        },
        "HIALAK34": {
          "uniquePassengerCount": 2
        },
        "HIALAK37": {
          "uniquePassengerCount": 31
        },
        "HIALAK44": {
          "uniquePassengerCount": 21
        },
        "HIALAK35": {
          "uniquePassengerCount": 6
        }
      }
    }
  ]
}