{
  "airlineStats": [
    {
      "timestamp": 1718130600000,
      "stats": {
        "I5": {
          "uniquePassengerCount": 61
        },
        "6E": {
          "uniquePassengerCount": 62
        },
        "UK": {
          "uniquePassengerCount": 31
        },
        "AI": {
          "uniquePassengerCount": 106
        }
      }
    }
  ],
  "cussStats": [
    {
      "timestamp": 1718130600000,
      "stats": {
        "HIALAK36": {
          "uniquePassengerCount": 51
        },
        "HIALAK43": {
          "uniquePassengerCount": 22
        },
        "HIALAK38": {
          "uniquePassengerCount": 79
        },
        "HIALAK34": {
          "uniquePassengerCount": 22
        },
        "HIALAK37": {
          "uniquePassengerCount": 27
        },
        "HIALAK44": {
          "uniquePassengerCount": 42
        },
        "HIALAK55": {
          "uniquePassengerCount": 13
        },
        "HIALAK35": {
          "uniquePassengerCount": 19
        },
        "HIALAK39": {
          "uniquePassengerCount": 9
        }
      }
    }
  ]
}