{
  "airlineStats": [
    {
      "timestamp": 1716921000000,
      "stats": {
        "I5": {
          "uniquePassengerCount": 15
        },
        "SG": {
          "uniquePassengerCount": 26
        },
        "AI": {
          "uniquePassengerCount": 71
        },
        "6E": {
          "uniquePassengerCount": 37
        },
        "UK": {
          "uniquePassengerCount": 23
        }
      }
    }
  ],
  "cussStats": [
    {
      "timestamp": 1716921000000,
      "stats": {
        "HIALAK35": {
          "uniquePassengerCount": 13
        },
        "HIALAK39": {
          "uniquePassengerCount": 14
        },
        "HIALAK43": {
          "uniquePassengerCount": 15
        },
        "HIALAK36": {
          "uniquePassengerCount": 7
        },
        "HIALAK34": {
          "uniquePassengerCount": 4
        },
        "HIALAK38": {
          "uniquePassengerCount": 33
        },
        "HIALAK55": {
          "uniquePassengerCount": 17
        },
        "HIALAK37": {
          "uniquePassengerCount": 49
        },
        "HIALAK45": {
          "uniquePassengerCount": 25
        },
        "HIALAK44": {
          "uniquePassengerCount": 1
        }
      }
    }
  ]
}