{
  "airlineStats": [
    {
      "timestamp": 1720377000000,
      "stats": {
        "I5": {
          "uniquePassengerCount": 37
        },
        "UK": {
          "uniquePassengerCount": 7
        },
        "SG": {
          "uniquePassengerCount": 38
        },
        "6E": {
          "uniquePassengerCount": 27
        },
        "AI": {
          "uniquePassengerCount": 71
        }
      }
    }
  ],
  "cussStats": [
    {
      "timestamp": 1720377000000,
      "stats": {
        "HIALAK36": {
          "uniquePassengerCount": 25
        },
        "HIALAK44": {
          "uniquePassengerCount": 22
        },
        "HIALAK38": {
          "uniquePassengerCount": 16
        },
        "HIALAK43": {
          "uniquePassengerCount": 6
        },
        "HIALAK55": {
          "uniquePassengerCount": 9
        },
        "HIALAK39": {
          "uniquePassengerCount": 1
        },
        "HIALAK37": {
          "uniquePassengerCount": 89
        },
        "HIALAK34": {
          "uniquePassengerCount": 13
        },
        "HIALAK35": {
          "uniquePassengerCount": 4
        }
      }
    }
  ]
}