{
  "airlineStats": [
    {
      "timestamp": 1721327400000,
      "stats": {
        "SG": {
          "uniquePassengerCount": 10
        },
        "I5": {
          "uniquePassengerCount": 11
        },
        "6E": {
          "uniquePassengerCount": 7
        },
        "UK": {
          "uniquePassengerCount": 8
        },
        "AI": {
          "uniquePassengerCount": 20
        }
      }
    }
  ],
  "cussStats": [
    {
      "timestamp": 1721327400000,
      "stats": {
        "HIALAK43": {
          "uniquePassengerCount": 7
        },
        "HIALAK36": {
          "uniquePassengerCount": 3
        },
        "HIALAK38": {
          "uniquePassengerCount": 14
        },
        "HIALAK55": {
          "uniquePassengerCount": 12
        },
        "HIALAK34": {
          "uniquePassengerCount": 2
        },
        "HIALAK39": {
          "uniquePassengerCount": 2
        },
        "HIALAK35": {
          "uniquePassengerCount": 4
        },
        "HIALAK37": {
          "uniquePassengerCount": 16
        }
      }
    }
  ]
}